nhom,nhan,tb_km,do_lech_km,tot_nhat_km,sai_so_pct,so_lan_toi_uu,the_he_hoi_tu,thoi_gian_s,so_seed
A. Số cá thể,10,44.4728,3.1585,39.0549,16.139,0,124.3,0.014,20
A. Số cá thể,20,40.6093,1.3351,38.3234,6.050,0,99.3,0.025,20
A. Số cá thể,50,39.1054,1.2364,38.2926,2.123,10,76.2,0.061,20
A. Số cá thể,100,38.4200,0.4148,38.2926,0.333,18,48.1,0.121,20
A. Số cá thể,200,38.3845,0.4004,38.2926,0.240,19,32.4,0.242,20
B. Tỷ lệ đột biến,0.0,42.7149,2.1760,38.3234,11.549,0,14.9,0.058,20
B. Tỷ lệ đột biến,0.01,40.2075,1.6629,38.2926,5.001,3,75.4,0.059,20
B. Tỷ lệ đột biến,0.05,39.1054,1.2364,38.2926,2.123,10,76.2,0.059,20
B. Tỷ lệ đột biến,0.1,39.1776,1.0297,38.2926,2.311,11,50.5,0.062,20
B. Tỷ lệ đột biến,0.3,38.7209,0.9542,38.2926,1.118,16,42.9,0.063,20
C. Tỷ lệ lai ghép,0.0,39.7530,1.2725,38.2926,3.814,4,108.5,0.045,20
C. Tỷ lệ lai ghép,0.3,39.4878,1.0012,38.2926,3.121,5,89.7,0.051,20
C. Tỷ lệ lai ghép,0.6,39.0004,1.0530,38.2926,1.848,12,77.8,0.055,20
C. Tỷ lệ lai ghép,0.85,39.1054,1.2364,38.2926,2.123,10,76.2,0.061,20
C. Tỷ lệ lai ghép,1.0,38.9539,0.9362,38.2926,1.727,11,61.1,0.061,20
D. Toán tử,tournament + inversion,39.1054,1.2364,38.2926,2.123,10,76.2,0.059,20
D. Toán tử,tournament + swap,40.6931,1.6254,38.2926,6.269,2,81.9,0.058,20
D. Toán tử,roulette + inversion,39.6979,1.4301,38.2926,3.670,2,117.4,0.061,20
D. Toán tử,roulette + swap,40.1504,1.3175,38.3234,4.852,0,115.3,0.059,20
E. Quy mô,N=15,38.4200,0.4148,38.2926,-16.724,,48.1,0.392,20
E. Quy mô,N=30,62.8710,1.5507,61.1000,-17.333,,277.6,0.590,20
E. Quy mô,N=60,96.7308,3.4626,90.3568,4.709,,470.6,0.984,20
E. Quy mô,N=100,161.1237,6.7080,147.1633,19.125,,484.3,1.489,20
